RSS,Region,Nom_etablissement,Nom_installation,No_permis_installation,Nombre_de_civieres_fonctionnelles,Nombre_de_civieres_occupees,Nombre_de_patients_sur_civiere_plus_de_24_heures,Nombre_de_patients_sur_civiere_plus_de_48_heures,Nombre_total_de_patients_presents_a_lurgence,Nombre_total_de_patients_en_attente_de_PEC,DMS_sur_civiere,DMS_ambulatoire,DMS_sur_civiere_horaire,DMS_ambulatoire_horaire,heure_extraction,Mise_a_jour,collecte_utc
10,Nord-du-Québec,SANTÉ QUÉBEC BAIE-JAMES,CENTRE DE SANTÉ DE CHIBOUGAMAU,51218501,6,4,0,0,13,6,9.79,3.32,9:47,3:19,19:00:00,2026-09-22T19:45,2026-09-23T00:23:21Z
10,Nord-du-Québec,SANTÉ QUÉBEC BAIE-JAMES,CENTRE DE SANTÉ DE RADISSON,51218543,1,0,0,0,0,0,0,1.3,0:00,1:18,19:00:00,2026-09-22T19:45,2026-09-23T00:23:21Z
10,Nord-du-Québec,SANTÉ QUÉBEC BAIE-JAMES,CENTRE DE SANTÉ ISLE-DIEU,51218535,1,0,0,0,3,0,0,2.59,0:00,2:35,19:00:00,2026-09-22T19:45,2026-09-23T00:23:21Z
10,Nord-du-Québec,SANTÉ QUÉBEC BAIE-JAMES,CENTRE DE SANTÉ LEBEL,51218527,2,1,0,0,12,0,3.3,2.09,3:18,2:05,19:00:00,2026-09-22T19:45,2026-09-23T00:23:21Z
10,Nord-du-Québec,SANTÉ QUÉBEC BAIE-JAMES,CENTRE DE SANTÉ RENÉ-RICARD,51218519,1,0,0,0,3,0,2.18,1.06,2:10,1:03,19:00:00,2026-09-22T19:45,2026-09-23T00:23:21Z
06,Montréal,SANTÉ QUÉBEC - CENTRE HOSPITALIER DE L'UNIVERSITÉ DE MONTRÉAL,CENTRE HOSPITALIER DE L'UNIVERSITÉ DE MONTRÉAL,51236297,51,53,7,1,90,17,16.53,5.55,16:31,5:33,19:00:00,2026-09-22T19:45,2026-09-23T00:23:21Z
03,Capitale-Nationale,SANTÉ QUÉBEC - CENTRE HOSPITALIER UNIVERSITAIRE DE QUÉBEC - UNIVERSITÉ LAVAL,CENTRE HOSPITALIER DE L'UNIVERSITÉ LAVAL,51217594,43,38,2,0,80,26,10.7,5.89,10:42,5:53,19:00:00,2026-09-22T19:45,2026-09-23T00:23:21Z
06,Montréal,SANTÉ QUÉBEC OUEST-DE-L'ÎLE-DE-MONTRÉAL - UNIVERSITAIRE,CENTRE HOSPITALIER DE ST. MARY,51248243,22,35,10,5,66,18,22.54,5.92,22:32,5:55,19:00:00,2026-09-22T19:45,2026-09-23T00:23:21Z
01,Bas-Saint-Laurent,SANTÉ QUÉBEC BAS-SAINT-LAURENT,CENTRE HOSPITALIER RÉGIONAL DU GRAND-PORTAGE,51218352,9,3,0,0,13,6,8.94,3.86,8:56,3:51,19:00:00,2026-09-22T19:45,2026-09-23T00:23:21Z
04,Mauricie et Centre-du-Québec,SANTÉ QUÉBEC MAURICIE-ET-CENTRE-DU-QUÉBEC - UNIVERSITAIRE,CENTRE MULTISERVICES DE SANTÉ ET DE SERVICES SOCIAUX AVELLIN-DALCOURT,51233583,pas d'information disponible,pas d'information disponible,pas d'information disponible,pas d'information disponible,pas d'information disponible,pas d'information disponible,pas d'information disponible,pas d'information disponible,,,19:00:00,2026-09-22T19:45,2026-09-23T00:23:21Z
03,Capitale-Nationale,SANTÉ QUÉBEC CAPITALE-NATIONALE - UNIVERSITAIRE,CENTRE MULTISERVICES DE SANTÉ ET DE SERVICES SOCIAUX CHAUVEAU,51225001,5,3,0,0,66,43,5.5,3.73,5:30,3:43,19:00:00,2026-09-22T19:45,2026-09-23T00:23:21Z
04,Mauricie et Centre-du-Québec,SANTÉ QUÉBEC MAURICIE-ET-CENTRE-DU-QUÉBEC - UNIVERSITAIRE,CENTRE MULTISERVICES DE SANTÉ ET DE SERVICES SOCIAUX CHRIST-ROI,51246338,pas d'information disponible,pas d'information disponible,pas d'information disponible,pas d'information disponible,pas d'information disponible,pas d'information disponible,pas d'information disponible,pas d'information disponible,,,19:00:00,2026-09-22T19:45,2026-09-23T00:23:21Z
15,Laurentides,SANTÉ QUÉBEC LAURENTIDES,CENTRE MULTISERVICES DE SANTÉ ET DE SERVICES SOCIAUX D'ARGENTEUIL,51245306,8,3,0,0,19,12,14.4,4.06,14:24,4:03,19:00:00,2026-09-22T19:45,2026-09-23T00:23:21Z
03,Capitale-Nationale,SANTÉ QUÉBEC CAPITALE-NATIONALE - UNIVERSITAIRE,CENTRE MULTISERVICES DE SANTÉ ET DE SERVICES SOCIAUX DE BAIE-SAINT-PAUL,51244804,8,1,0,0,7,4,0,1.71,0:00,1:42,19:00:00,2026-09-22T19:45,2026-09-23T00:23:21Z
09,Côte-Nord,SANTÉ QUÉBEC CÔTE-NORD,CENTRE MULTISERVICES DE SANTÉ ET DE SERVICES SOCIAUX DE FERMONT,51245108,2,1,0,0,3,1,5.48,4.3,5:28,4:18,19:00:00,2026-09-22T19:45,2026-09-23T00:23:21Z
09,Côte-Nord,SANTÉ QUÉBEC CÔTE-NORD,CENTRE MULTISERVICES DE SANTÉ ET DE SERVICES SOCIAUX DE FORESTVILLE,51218741,5,4,0,0,8,4,3.07,3.16,3:04,3:09,19:00:00,2026-09-22T19:45,2026-09-23T00:23:21Z
04,Mauricie et Centre-du-Québec,SANTÉ QUÉBEC MAURICIE-ET-CENTRE-DU-QUÉBEC - UNIVERSITAIRE,CENTRE MULTISERVICES DE SANTÉ ET DE SERVICES SOCIAUX DE FORTIERVILLE,51219160,pas d'information disponible,pas d'information disponible,pas d'information disponible,pas d'information disponible,pas d'information disponible,pas d'information disponible,pas d'information disponible,pas d'information disponible,,,19:00:00,2026-09-22T19:45,2026-09-23T00:23:21Z
11,Gaspésie-Îles-de-la-Madeleine,SANTÉ QUÉBEC GASPÉSIE,CENTRE MULTISERVICES DE SANTÉ ET DE SERVICES SOCIAUX DE GRANDE-VALLÉE,51247732,2,0,0,0,3,2,5.55,1,5:33,1:00,19:00:00,2026-09-22T19:45,2026-09-23T00:23:21Z
09,Côte-Nord,SANTÉ QUÉBEC CÔTE-NORD,CENTRE MULTISERVICES DE SANTÉ ET DE SERVICES SOCIAUX DE LA BASSE-CÔTE-NORD,51245140,4,1,0,0,2,0,3.18,3.03,3:10,3:01,19:00:00,2026-09-22T19:45,2026-09-23T00:23:21Z
09,Côte-Nord,SANTÉ QUÉBEC CÔTE-NORD,CENTRE MULTISERVICES DE SANTÉ ET DE SERVICES SOCIAUX DE LA MINGANIE,51245116,2,3,0,0,11,7,6.27,2.36,6:16,2:21,19:00:00,2026-09-22T19:45,2026-09-23T00:23:21Z
05,Estrie,SANTÉ QUÉBEC ESTRIE - CENTRE HOSPITALIER UNIVERSITAIRE DE SHERBROOKE,CENTRE MULTISERVICES DE SANTÉ ET DE SERVICES SOCIAUX DE LA MRC DE COATICOOK,51247617,6,0,0,0,10,7,4.15,2.26,4:09,2:15,19:00:00,2026-09-22T19:45,2026-09-23T00:23:21Z
08,Abitibi-Témiscamingue,SANTÉ QUÉBEC ABITIBI-TÉMISCAMINGUE,CENTRE MULTISERVICES DE SANTÉ ET DE SERVICES SOCIAUX DE LA SARRE,51247559,5,4,0,0,16,5,6.19,4.29,6:11,4:17,19:00:00,2026-09-22T19:45,2026-09-23T00:23:21Z
07,Outaouais,SANTÉ QUÉBEC OUTAOUAIS,CENTRE MULTISERVICES DE SANTÉ ET DE SERVICES SOCIAUX DE MANSFIELD-ET-PONTEFRACT,51245058,2,0,0,0,4,3,10.55,1,10:33,1:00,19:00:00,2026-09-22T19:45,2026-09-23T00:23:21Z
05,Estrie,SANTÉ QUÉBEC ESTRIE - CENTRE HOSPITALIER UNIVERSITAIRE DE SHERBROOKE,CENTRE MULTISERVICES DE SANTÉ ET DE SERVICES SOCIAUX DE MEMPHRÉMAGOG,51219046,11,10,2,0,23,7,12.72,4.27,12:43,4:16,19:00:00,2026-09-22T19:45,2026-09-23T00:23:21Z
09,Côte-Nord,SANTÉ QUÉBEC CÔTE-NORD,CENTRE MULTISERVICES DE SANTÉ ET DE SERVICES SOCIAUX DE PORT-CARTIER,51245132,5,1,0,0,8,5,15.48,4.73,15:28,4:43,19:00:00,2026-09-22T19:45,2026-09-23T00:23:21Z
15,Laurentides,SANTÉ QUÉBEC LAURENTIDES,CENTRE MULTISERVICES DE SANTÉ ET DE SERVICES SOCIAUX DE RIVIÈRE-ROUGE,51217628,5,6,1,0,14,6,7.85,4.06,7:51,4:03,19:00:00,2026-09-22T19:45,2026-09-23T00:23:21Z
03,Capitale-Nationale,SANTÉ QUÉBEC CAPITALE-NATIONALE - UNIVERSITAIRE,CENTRE MULTISERVICES DE SANTÉ ET DE SERVICES SOCIAUX DE SAINT-MARC-DES-CARRIÈRES,51247344,3,3,0,0,13,9,5.55,2.98,5:33,2:58,19:00:00,2026-09-22T19:45,2026-09-23T00:23:21Z
03,Capitale-Nationale,SANTÉ QUÉBEC CAPITALE-NATIONALE - UNIVERSITAIRE,CENTRE MULTISERVICES DE SANTÉ ET DE SERVICES SOCIAUX DE SAINT-RAYMOND,51247302,7,4,0,0,15,8,7.34,4.43,7:20,4:25,19:00:00,2026-09-22T19:45,2026-09-23T00:23:21Z
15,Laurentides,SANTÉ QUÉBEC LAURENTIDES,CENTRE MULTISERVICES DE SANTÉ ET DE SERVICES SOCIAUX DE SAINTE-AGATHE,51246874,18,24,8,1,41,8,25.1,6.05,25:06,6:03,19:00:00,2026-09-22T19:45,2026-09-23T00:23:21Z
03,Capitale-Nationale,SANTÉ QUÉBEC CAPITALE-NATIONALE - UNIVERSITAIRE,CENTRE MULTISERVICES DE SANTÉ ET DE SERVICES SOCIAUX DE SAINTE-ANNE-DE-BEAUPRÉ,51225357,4,4,0,0,17,6,7.61,3.83,7:36,3:49,19:00:00,2026-09-22T19:45,2026-09-23T00:23:21Z
01,Bas-Saint-Laurent,SANTÉ QUÉBEC BAS-SAINT-LAURENT,CENTRE MULTISERVICES DE SANTÉ ET DE SERVICES SOCIAUX DE TROIS-PISTOLES,51236156,3,1,0,0,9,7,7.01,3.1,7:00,3:06,19:00:00,2026-09-22T19:45,2026-09-23T00:23:21Z
08,Abitibi-Témiscamingue,SANTÉ QUÉBEC ABITIBI-TÉMISCAMINGUE,CENTRE MULTISERVICES DE SANTÉ ET DE SERVICES SOCIAUX DE TÉMISCAMING-KIPAWA,51247476,1,0,0,0,0,0,24.68,1.94,24:40,1:56,19:00:00,2026-09-22T19:45,2026-09-23T00:23:21Z
08,Abitibi-Témiscamingue,SANTÉ QUÉBEC ABITIBI-TÉMISCAMINGUE,CENTRE MULTISERVICES DE SANTÉ ET DE SERVICES SOCIAUX DE VILLE-MARIE,51247542,5,1,0,0,9,7,8.1,4.53,8:06,4:31,19:00:00,2026-09-22T19:45,2026-09-23T00:23:21Z
09,Côte-Nord,SANTÉ QUÉBEC CÔTE-NORD,CENTRE MULTISERVICES DE SANTÉ ET DE SERVICES SOCIAUX DES ESCOUMINS,51218733,3,0,0,0,9,4,9.26,1.81,9:15,1:48,19:00:00,2026-09-22T19:45,2026-09-23T00:23:21Z
05,Estrie,SANTÉ QUÉBEC ESTRIE - CENTRE HOSPITALIER UNIVERSITAIRE DE SHERBROOKE,CENTRE MULTISERVICES DE SANTÉ ET DE SERVICES SOCIAUX DES SOURCES,51247583,7,2,0,0,14,11,5.74,4.04,5:44,4:02,19:00:00,2026-09-22T19:45,2026-09-23T00:23:21Z
05,Estrie,SANTÉ QUÉBEC ESTRIE - CENTRE HOSPITALIER UNIVERSITAIRE DE SHERBROOKE,CENTRE MULTISERVICES DE SANTÉ ET DE SERVICES SOCIAUX DU GRANIT,51223832,5,1,0,0,9,6,9.04,2.64,9:02,2:38,19:00:00,2026-09-22T19:45,2026-09-23T00:23:21Z
04,Mauricie et Centre-du-Québec,SANTÉ QUÉBEC MAURICIE-ET-CENTRE-DU-QUÉBEC - UNIVERSITAIRE,CENTRE MULTISERVICES DE SANTÉ ET DE SERVICES SOCIAUX DU HAUT-SAINT-MAURICE,51219731,pas d'information disponible,pas d'information disponible,pas d'information disponible,pas d'information disponible,pas d'information disponible,pas d'information disponible,pas d'information disponible,pas d'information disponible,,,19:00:00,2026-09-22T19:45,2026-09-23T00:23:21Z
12,Chaudière-Appalaches,SANTÉ QUÉBEC CHAUDIÈRE-APPALACHES,CHSLD ET HÔPITAL PAUL-GILBERT,51245199,0,0,0,0,22,13,4.3,3.64,4:18,3:38,19:00:00,2026-09-22T19:45,2026-09-23T00:23:21Z
06,Montréal,SANTÉ QUÉBEC - CENTRE HOSPITALIER UNIVERSITAIRE SAINTE-JUSTINE,CHU SAINTE-JUSTINE,51222800,16,17,0,0,60,26,9.19,6.71,9:11,6:42,19:00:00,2026-09-22T19:45,2026-09-23T00:23:21Z
05,Estrie,SANTÉ QUÉBEC ESTRIE - CENTRE HOSPITALIER UNIVERSITAIRE DE SHERBROOKE,CHUS - HÔPITAL FLEURIMONT,51216687,36,23,1,0,62,32,12.49,7.31,12:29,7:18,19:00:00,2026-09-22T19:45,2026-09-23T00:23:21Z
05,Estrie,SANTÉ QUÉBEC ESTRIE - CENTRE HOSPITALIER UNIVERSITAIRE DE SHERBROOKE,CHUS - HÔTEL-DIEU DE SHERBROOKE,51216695,44,53,21,12,78,29,21.07,5.92,21:04,5:55,19:00:00,2026-09-22T19:45,2026-09-23T00:23:21Z
01,Bas-Saint-Laurent,SANTÉ QUÉBEC BAS-SAINT-LAURENT,CLSC DE POHÉNÉGAMOOK,51219418,3,1,0,0,4,2,5.77,1.56,5:46,1:33,19:00:00,2026-09-22T19:45,2026-09-23T00:23:21Z
07,Outaouais,SANTÉ QUÉBEC OUTAOUAIS,CLSC ET CENTRE D'HÉBERGEMENT DE LA PETITE-NATION,51219491,2,1,0,0,20,7,3.28,3,3:16,3:00,19:00:00,2026-09-22T19:45,2026-09-23T00:23:21Z
11,Gaspésie-Îles-de-la-Madeleine,SANTÉ QUÉBEC GASPÉSIE,CLSC ET CENTRE DE SERVICES AMBULATOIRES DE MURDOCHVILLE,51221307,2,0,0,0,0,0,0,3.32,0:00,3:19,19:00:00,2026-09-22T19:45,2026-09-23T00:23:21Z
11,Gaspésie-Îles-de-la-Madeleine,SANTÉ QUÉBEC GASPÉSIE,CLSC ET CENTRE DE SERVICES AMBULATOIRES DE PASPÉBIAC,51220978,4,1,1,0,2,1,5.57,3.4,5:34,3:24,19:00:00,2026-09-22T19:45,2026-09-23T00:23:21Z
09,Côte-Nord,SANTÉ QUÉBEC CÔTE-NORD,CLSC ET HÔPITAL LE ROYER,51228765,10,15,2,0,35,16,10.73,4.03,10:43,4:01,19:00:00,2026-09-22T19:45,2026-09-23T00:23:21Z
99,Ensemble du Québec,Ensemble du Québec,Ensemble du Québec,,1795,2011,571,194,4213,1633,17.5005778223112,4.80591639393037,17:30,4:48,19:00:00,2026-09-22T19:45,2026-09-23T00:23:21Z
16,Montérégie,SANTÉ QUÉBEC MONTÉRÉGIE-OUEST,HÔPITAL ANNA-LABERGE,51229151,32,39,17,4,74,31,25.02,7.08,25:01,7:04,19:00:00,2026-09-22T19:45,2026-09-23T00:23:21Z
16,Montérégie,SANTÉ QUÉBEC MONTÉRÉGIE-OUEST,HÔPITAL BARRIE MEMORIAL / BARRIE MEMORIAL HOSPITAL,51228005,5,7,1,0,34,22,8.8,2.68,8:48,2:40,19:00:00,2026-09-22T19:45,2026-09-23T00:23:21Z
05,Estrie,SANTÉ QUÉBEC ESTRIE - CENTRE HOSPITALIER UNIVERSITAIRE DE SHERBROOKE,HÔPITAL BROME-MISSISQUOI-PERKINS,51229185,16,16,1,0,28,7,9.97,5.69,9:58,5:41,19:00:00,2026-09-22T19:45,2026-09-23T00:23:21Z
16,Montérégie,SANTÉ QUÉBEC MONTÉRÉGIE-CENTRE,HÔPITAL CHARLES-LE MOYNE,51233799,43,44,11,4,115,59,21.96,5.98,21:57,5:58,19:00:00,2026-09-22T19:45,2026-09-23T00:23:21Z
02,Saguenay-Lac-Saint-Jean,SANTÉ QUÉBEC SAGUENAY - LAC-SAINT-JEAN - UNIVERSITAIRE,HÔPITAL D'ALMA,51219400,17,7,0,0,32,15,6.39,3.45,6:23,3:27,19:00:00,2026-09-22T19:45,2026-09-23T00:23:21Z
08,Abitibi-Témiscamingue,SANTÉ QUÉBEC ABITIBI-TÉMISCAMINGUE,HÔPITAL D'AMOS,51228906,7,9,0,0,15,4,11.14,2.41,11:08,2:24,19:00:00,2026-09-22T19:45,2026-09-23T00:23:21Z
01,Bas-Saint-Laurent,SANTÉ QUÉBEC BAS-SAINT-LAURENT,HÔPITAL D'AMQUI,51226892,6,1,0,0,6,1,8.92,5.52,8:55,5:31,19:00:00,2026-09-22T19:45,2026-09-23T00:23:21Z
11,Gaspésie-Îles-de-la-Madeleine,SANTÉ QUÉBEC GASPÉSIE,HÔPITAL DE CHANDLER,51227775,8,7,0,0,21,8,19.94,2.59,19:56,2:35,19:00:00,2026-09-22T19:45,2026-09-23T00:23:21Z
02,Saguenay-Lac-Saint-Jean,SANTÉ QUÉBEC SAGUENAY - LAC-SAINT-JEAN - UNIVERSITAIRE,HÔPITAL DE CHICOUTIMI,51218394,41,25,1,0,46,19,10.48,4.86,10:28,4:51,19:00:00,2026-09-22T19:45,2026-09-23T00:23:21Z
02,Saguenay-Lac-Saint-Jean,SANTÉ QUÉBEC SAGUENAY - LAC-SAINT-JEAN - UNIVERSITAIRE,HÔPITAL DE DOLBEAU-MISTASSINI,51219384,10,6,0,0,17,4,15.62,2.9,15:37,2:54,19:00:00,2026-09-22T19:45,2026-09-23T00:23:21Z
11,Gaspésie-Îles-de-la-Madeleine,SANTÉ QUÉBEC GASPÉSIE,HÔPITAL DE GASPÉ,51220903,6,7,3,1,12,3,45.29,6.01,45:17,6:00,19:00:00,2026-09-22T19:45,2026-09-23T00:23:21Z
07,Outaouais,SANTÉ QUÉBEC OUTAOUAIS,HÔPITAL DE GATINEAU,51221703,28,32,13,1,69,34,29.81,8.87,29:48,8:52,19:00:00,2026-09-22T19:45,2026-09-23T00:23:21Z
05,Estrie,SANTÉ QUÉBEC ESTRIE - CENTRE HOSPITALIER UNIVERSITAIRE DE SHERBROOKE,HÔPITAL DE GRANBY,51228120,20,23,4,0,64,34,17.29,6.18,17:17,6:10,19:00:00,2026-09-22T19:45,2026-09-23T00:23:21Z
07,Outaouais,SANTÉ QUÉBEC OUTAOUAIS,HÔPITAL DE HULL,51221711,25,33,9,0,73,38,17.5,11.98,17:30,11:58,19:00:00,2026-09-22T19:45,2026-09-23T00:23:21Z
11,Gaspésie-Îles-de-la-Madeleine,SANTÉ QUÉBEC DES ÎLES,HÔPITAL DE L'ARCHIPEL,51227783,6,4,1,0,11,5,9.23,2.43,9:13,2:25,19:00:00,2026-09-22T19:45,2026-09-23T00:23:21Z
03,Capitale-Nationale,SANTÉ QUÉBEC - CENTRE HOSPITALIER UNIVERSITAIRE DE QUÉBEC - UNIVERSITÉ LAVAL,HÔPITAL DE L'ENFANT-JÉSUS,51233914,48,55,4,1,89,23,17,3.79,17:00,3:47,19:00:00,2026-09-22T19:45,2026-09-23T00:23:21Z
02,Saguenay-Lac-Saint-Jean,SANTÉ QUÉBEC SAGUENAY - LAC-SAINT-JEAN - UNIVERSITAIRE,HÔPITAL DE LA BAIE,51221364,7,4,0,0,8,1,6.22,3.21,6:13,3:12,19:00:00,2026-09-22T19:45,2026-09-23T00:23:21Z
13,Laval,SANTÉ QUÉBEC LAVAL,HÔPITAL DE LA CITÉ-DE-LA-SANTÉ,51228757,49,78,22,4,135,37,18.71,4.82,18:42,4:49,19:00:00,2026-09-22T19:45,2026-09-23T00:23:21Z
06,Montréal,SANTÉ QUÉBEC - CENTRE UNIVERSITAIRE DE SANTÉ MCGILL,HÔPITAL DE LACHINE,51228310,14,22,9,5,33,9,32.83,4.14,32:49,4:08,19:00:00,2026-09-22T19:45,2026-09-23T00:23:21Z
14,Lanaudière,SANTÉ QUÉBEC LANAUDIÈRE,HÔPITAL DE LANAUDIÈRE ET CENTRE D'HÉBERGEMENT PARPHILIA-FERLAND,51244945,42,56,12,1,91,25,20.41,3.98,20:24,3:58,19:00:00,2026-09-22T19:45,2026-09-23T00:23:21Z
06,Montréal,SANTÉ QUÉBEC OUEST-DE-L'ÎLE-DE-MONTRÉAL - UNIVERSITAIRE,HÔPITAL DE LASALLE,51224392,15,18,9,4,39,17,25.24,5.77,25:14,5:46,19:00:00,2026-09-22T19:45,2026-09-23T00:23:21Z
07,Outaouais,SANTÉ QUÉBEC OUTAOUAIS,HÔPITAL DE MANIWAKI,51221893,6,5,3,1,11,4,14.03,4.27,14:01,4:16,19:00:00,2026-09-22T19:45,2026-09-23T00:23:21Z
01,Bas-Saint-Laurent,SANTÉ QUÉBEC BAS-SAINT-LAURENT,HÔPITAL DE MATANE,51218980,7,7,0,0,17,11,5.68,3.85,5:40,3:51,19:00:00,2026-09-22T19:45,2026-09-23T00:23:21Z
15,Laurentides,SANTÉ QUÉBEC LAURENTIDES,HÔPITAL DE MONT-LAURIER,51217610,8,16,11,1,28,5,19.61,5.89,19:36,5:53,19:00:00,2026-09-22T19:45,2026-09-23T00:23:21Z
12,Chaudière-Appalaches,SANTÉ QUÉBEC CHAUDIÈRE-APPALACHES,HÔPITAL DE MONTMAGNY,51245223,10,18,5,2,35,13,10.74,3.58,10:44,3:34,19:00:00,2026-09-22T19:45,2026-09-23T00:23:21Z
01,Bas-Saint-Laurent,SANTÉ QUÉBEC BAS-SAINT-LAURENT,HÔPITAL DE NOTRE-DAME-DU-LAC,51221877,5,3,0,0,12,3,7.91,2.47,7:54,2:28,19:00:00,2026-09-22T19:45,2026-09-23T00:23:21Z
08,Abitibi-Témiscamingue,SANTÉ QUÉBEC ABITIBI-TÉMISCAMINGUE,HÔPITAL DE ROUYN-NORANDA,51228922,8,4,1,0,24,19,9.58,3,9:34,3:00,19:00:00,2026-09-22T19:45,2026-09-23T00:23:21Z
15,Laurentides,SANTÉ QUÉBEC LAURENTIDES,HÔPITAL DE SAINT-EUSTACHE,51228864,35,51,23,7,92,34,24.17,6.73,24:10,6:43,19:00:00,2026-09-22T19:45,2026-09-23T00:23:21Z
12,Chaudière-Appalaches,SANTÉ QUÉBEC CHAUDIÈRE-APPALACHES,HÔPITAL DE SAINT-GEORGES,51228971,21,36,7,1,72,22,9.81,5.38,9:48,5:22,19:00:00,2026-09-22T19:45,2026-09-23T00:23:21Z
15,Laurentides,SANTÉ QUÉBEC LAURENTIDES,HÔPITAL DE SAINT-JÉRÔME,51228880,47,64,38,17,106,30,24.07,6.25,24:04,6:15,19:00:00,2026-09-22T19:45,2026-09-23T00:23:21Z
12,Chaudière-Appalaches,SANTÉ QUÉBEC CHAUDIÈRE-APPALACHES,HÔPITAL DE THETFORD,51245231,15,10,2,0,28,2,10.04,4.56,10:02,4:33,19:00:00,2026-09-22T19:45,2026-09-23T00:23:21Z
08,Abitibi-Témiscamingue,SANTÉ QUÉBEC ABITIBI-TÉMISCAMINGUE,HÔPITAL DE VAL-D'OR,51225589,11,9,1,0,27,11,11.37,4.76,11:22,4:45,19:00:00,2026-09-22T19:45,2026-09-23T00:23:21Z
06,Montréal,SANTÉ QUÉBEC CENTRE-SUD-DE-L'ÎLE-DE-MONTRÉAL - UNIVERSITAIRE,HÔPITAL DE VERDUN,51218097,26,32,9,0,50,13,17.65,4.84,17:39,4:50,19:00:00,2026-09-22T19:45,2026-09-23T00:23:21Z
06,Montréal,SANTÉ QUÉBEC OUEST-DE-L'ÎLE-DE-MONTRÉAL - UNIVERSITAIRE,HÔPITAL DOUGLAS,51235190,8,1,0,0,5,1,13.95,2.54,13:57,2:32,19:00:00,2026-09-22T19:45,2026-09-23T00:23:21Z
04,Mauricie et Centre-du-Québec,SANTÉ QUÉBEC MAURICIE-ET-CENTRE-DU-QUÉBEC - UNIVERSITAIRE,HÔPITAL DU CENTRE-DE-LA-MAURICIE,51220051,pas d'information disponible,pas d'information disponible,pas d'information disponible,pas d'information disponible,pas d'information disponible,pas d'information disponible,pas d'information disponible,pas d'information disponible,,,19:00:00,2026-09-22T19:45,2026-09-23T00:23:21Z
16,Montérégie,SANTÉ QUÉBEC MONTÉRÉGIE-CENTRE,HÔPITAL DU HAUT-RICHELIEU,51229045,37,47,22,4,103,35,18.32,5.76,18:19,5:45,19:00:00,2026-09-22T19:45,2026-09-23T00:23:21Z
06,Montréal,SANTÉ QUÉBEC NORD-DE-L'ÎLE-DE-MONTRÉAL - UNIVERSITAIRE,HÔPITAL DU SACRÉ-COEUR-DE-MONTRÉAL,12475976,pas d'information disponible,pas d'information disponible,pas d'information disponible,pas d'information disponible,pas d'information disponible,pas d'information disponible,pas d'information disponible,pas d'information disponible,,,19:00:00,2026-09-22T19:45,2026-09-23T00:23:21Z
03,Capitale-Nationale,SANTÉ QUÉBEC - CENTRE HOSPITALIER UNIVERSITAIRE DE QUÉBEC - UNIVERSITÉ LAVAL,HÔPITAL DU SAINT-SACREMENT,51217529,22,17,3,0,37,14,14.75,3.68,14:45,3:40,19:00:00,2026-09-22T19:45,2026-09-23T00:23:21Z
16,Montérégie,SANTÉ QUÉBEC MONTÉRÉGIE-OUEST,HÔPITAL DU SUROÎT,51229136,32,57,24,17,92,28,24.82,3.98,24:49,3:58,19:00:00,2026-09-22T19:45,2026-09-23T00:23:21Z
06,Montréal,SANTÉ QUÉBEC NORD-DE-L'ÎLE-DE-MONTRÉAL - UNIVERSITAIRE,HÔPITAL EN SANTÉ MENTALE ALBERT-PRÉVOST,51848752,pas d'information disponible,pas d'information disponible,pas d'information disponible,pas d'information disponible,pas d'information disponible,pas d'information disponible,pas d'information disponible,pas d'information disponible,,,19:00:00,2026-09-22T19:45,2026-09-23T00:23:21Z
02,Saguenay-Lac-Saint-Jean,SANTÉ QUÉBEC SAGUENAY - LAC-SAINT-JEAN - UNIVERSITAIRE,HÔPITAL ET CENTRE D'HÉBERGEMENT DE ROBERVAL,51228203,13,11,1,0,25,11,15.74,4.73,15:44,4:43,19:00:00,2026-09-22T19:45,2026-09-23T00:23:21Z
02,Saguenay-Lac-Saint-Jean,SANTÉ QUÉBEC SAGUENAY - LAC-SAINT-JEAN - UNIVERSITAIRE,HÔPITAL ET CENTRE DE RÉADAPTATION DE JONQUIÈRE,51224541,16,7,0,0,24,10,10.44,4.53,10:26,4:31,19:00:00,2026-09-22T19:45,2026-09-23T00:23:21Z
07,Outaouais,SANTÉ QUÉBEC OUTAOUAIS,HÔPITAL ET CHSLD DE PAPINEAU,51228823,12,13,0,0,26,12,33.52,4.04,33:31,4:02,19:00:00,2026-09-22T19:45,2026-09-23T00:23:21Z
07,Outaouais,SANTÉ QUÉBEC OUTAOUAIS,HÔPITAL ET CHSLD DU PONTIAC,51219459,4,0,0,0,14,9,18.99,5.74,18:59,5:44,19:00:00,2026-09-22T19:45,2026-09-23T00:23:21Z
07,Outaouais,SANTÉ QUÉBEC OUTAOUAIS,HÔPITAL ET CHSLD MÉMORIAL DE WAKEFIELD / WAKEFIELD MEMORIAL HOSPITAL,51228799,4,1,0,0,17,13,6.47,4.23,6:28,4:13,19:00:00,2026-09-22T19:45,2026-09-23T00:23:21Z
03,Capitale-Nationale,SANTÉ QUÉBEC CAPITALE-NATIONALE - UNIVERSITAIRE,HÔPITAL ET CLSC DE LA MALBAIE,51228690,9,6,0,0,12,7,6.31,3.55,6:18,3:33,19:00:00,2026-09-22T19:45,2026-09-23T00:23:21Z
11,Gaspésie-Îles-de-la-Madeleine,SANTÉ QUÉBEC GASPÉSIE,HÔPITAL ET CLSC DE SAINTE-ANNE-DES-MONTS,51247799,6,6,0,0,20,12,12.67,4.61,12:40,4:36,19:00:00,2026-09-22T19:45,2026-09-23T00:23:21Z
09,Côte-Nord,SANTÉ QUÉBEC CÔTE-NORD,HÔPITAL ET CLSC DE SEPT-ÎLES,51232023,10,20,8,5,40,25,28.44,7.02,28:26,7:01,19:00:00,2026-09-22T19:45,2026-09-23T00:23:21Z
11,Gaspésie-Îles-de-la-Madeleine,SANTÉ QUÉBEC GASPÉSIE,HÔPITAL ET GROUPE DE MÉDECINE DE FAMILLE UNIVERSITAIRE DE MARIA,51227908,10,10,0,0,26,14,11.72,5.85,11:43,5:51,19:00:00,2026-09-22T19:45,2026-09-23T00:23:21Z
06,Montréal,SANTÉ QUÉBEC NORD-DE-L'ÎLE-DE-MONTRÉAL - UNIVERSITAIRE,HÔPITAL FLEURY,51228492,pas d'information disponible,pas d'information disponible,pas d'information disponible,pas d'information disponible,pas d'information disponible,pas d'information disponible,pas d'information disponible,pas d'information disponible,,,19:00:00,2026-09-22T19:45,2026-09-23T00:23:21Z
06,Montréal,SANTÉ QUÉBEC - CENTRE UNIVERSITAIRE DE SANTÉ MCGILL,HÔPITAL GÉNÉRAL DE MONTRÉAL,51248219,31,38,9,5,66,15,20.4,5.34,20:24,5:20,19:00:00,2026-09-22T19:45,2026-09-23T00:23:21Z
06,Montréal,SANTÉ QUÉBEC OUEST-DE-L'ÎLE-DE-MONTRÉAL - UNIVERSITAIRE,HÔPITAL GÉNÉRAL DU LAKESHORE,51228278,31,58,26,10,89,37,36.16,7.57,36:09,7:34,19:00:00,2026-09-22T19:45,2026-09-23T00:23:21Z
06,Montréal,SANTÉ QUÉBEC CENTRE-OUEST-DE-L'ÎLE-DE-MONTRÉAL - UNIVERSITAIRE,HÔPITAL GÉNÉRAL JUIF,51248250,53,110,32,12,156,41,14.72,4.92,14:43,4:55,19:00:00,2026-09-22T19:45,2026-09-23T00:23:21Z
16,Montérégie,SANTÉ QUÉBEC MONTÉRÉGIE-EST,HÔPITAL HONORÉ-MERCIER,51229193,26,21,5,1,54,31,13.33,4.52,13:19,4:31,19:00:00,2026-09-22T19:45,2026-09-23T00:23:21Z
06,Montréal,SANTÉ QUÉBEC NORD-DE-L'ÎLE-DE-MONTRÉAL - UNIVERSITAIRE,HÔPITAL JEAN-TALON,51228500,pas d'information disponible,pas d'information disponible,pas d'information disponible,pas d'information disponible,pas d'information disponible,pas d'information disponible,pas d'information disponible,pas d'information disponible,,,19:00:00,2026-09-22T19:45,2026-09-23T00:23:21Z
06,Montréal,SANTÉ QUÉBEC EST-DE-L'ÎLE-DE-MONTRÉAL - UNIVERSITAIRE,HÔPITAL MAISONNEUVE-ROSEMONT,12934659,54,65,31,8,113,46,25.43,4.01,25:25,4:00,19:00:00,2026-09-22T19:45,2026-09-23T00:23:21Z
06,Montréal,SANTÉ QUÉBEC CENTRE-SUD-DE-L'ÎLE-DE-MONTRÉAL - UNIVERSITAIRE,HÔPITAL NOTRE-DAME,51236313,35,31,7,7,49,12,22.31,6.12,22:18,6:07,19:00:00,2026-09-22T19:45,2026-09-23T00:23:21Z
01,Bas-Saint-Laurent,SANTÉ QUÉBEC BAS-SAINT-LAURENT,HÔPITAL NOTRE-DAME-DE-FATIMA,51221141,7,1,0,0,4,2,6.39,3.27,6:23,3:16,19:00:00,2026-09-22T19:45,2026-09-23T00:23:21Z
16,Montérégie,SANTÉ QUÉBEC MONTÉRÉGIE-EST,HÔPITAL PIERRE-BOUCHER,51229011,47,58,20,8,100,45,24.29,6.76,24:17,6:45,19:00:00,2026-09-22T19:45,2026-09-23T00:23:21Z
14,Lanaudière,SANTÉ QUÉBEC LANAUDIÈRE,HÔPITAL PIERRE-LE GARDEUR,51228062,47,54,17,0,131,52,21.53,5.34,21:31,5:20,19:00:00,2026-09-22T19:45,2026-09-23T00:23:21Z
06,Montréal,SANTÉ QUÉBEC - CENTRE UNIVERSITAIRE DE SANTÉ MCGILL,HÔPITAL ROYAL VICTORIA,51223295,33,74,41,24,123,33,35.72,7.08,35:43,7:04,19:00:00,2026-09-22T19:45,2026-09-23T00:23:21Z
01,Bas-Saint-Laurent,SANTÉ QUÉBEC BAS-SAINT-LAURENT,HÔPITAL RÉGIONAL DE RIMOUSKI,51227882,12,13,2,0,33,15,15.79,5.17,15:47,5:10,19:00:00,2026-09-22T19:45,2026-09-23T00:23:21Z
03,Capitale-Nationale,SANTÉ QUÉBEC - CENTRE HOSPITALIER UNIVERSITAIRE DE QUÉBEC - UNIVERSITÉ LAVAL,HÔPITAL SAINT-FRANÇOIS D'ASSISE,51217602,34,35,2,0,55,13,18.75,4.42,18:45,4:25,19:00:00,2026-09-22T19:45,2026-09-23T00:23:21Z
04,Mauricie et Centre-du-Québec,SANTÉ QUÉBEC MAURICIE-ET-CENTRE-DU-QUÉBEC - UNIVERSITAIRE,HÔPITAL SAINTE-CROIX,51228781,pas d'information disponible,pas d'information disponible,pas d'information disponible,pas d'information disponible,pas d'information disponible,pas d'information disponible,pas d'information disponible,pas d'information disponible,,,19:00:00,2026-09-22T19:45,2026-09-23T00:23:21Z
06,Montréal,SANTÉ QUÉBEC EST-DE-L'ÎLE-DE-MONTRÉAL - UNIVERSITAIRE,HÔPITAL SANTA CABRINI,51235919,38,46,14,11,72,34,18.34,3.61,18:20,3:36,19:00:00,2026-09-22T19:45,2026-09-23T00:23:21Z
04,Mauricie et Centre-du-Québec,SANTÉ QUÉBEC MAURICIE-ET-CENTRE-DU-QUÉBEC - UNIVERSITAIRE,HÔTEL-DIEU D'ARTHABASKA,51228039,pas d'information disponible,pas d'information disponible,pas d'information disponible,pas d'information disponible,pas d'information disponible,pas d'information disponible,pas d'information disponible,pas d'information disponible,,,19:00:00,2026-09-22T19:45,2026-09-23T00:23:21Z
12,Chaudière-Appalaches,SANTÉ QUÉBEC CHAUDIÈRE-APPALACHES,HÔTEL-DIEU DE LÉVIS,51227569,43,42,12,4,96,36,21.63,2.87,21:37,2:52,19:00:00,2026-09-22T19:45,2026-09-23T00:23:21Z
16,Montérégie,SANTÉ QUÉBEC MONTÉRÉGIE-EST,HÔTEL-DIEU DE SOREL,51229102,17,24,11,3,38,13,12.75,2.99,12:45,2:59,19:00:00,2026-09-22T19:45,2026-09-23T00:23:21Z
06,Montréal,SANTÉ QUÉBEC - INSTITUT DE CARDIOLOGIE DE MONTRÉAL,INSTITUT DE CARDIOLOGIE DE MONTRÉAL,51248201,22,16,5,1,26,5,12.57,3.94,12:34,3:56,19:00:00,2026-09-22T19:45,2026-09-23T00:23:21Z
03,Capitale-Nationale,SANTÉ QUÉBEC - INSTITUT UNIVERSITAIRE DE CARDIOLOGIE ET DE PNEUMOLOGIE DE QUÉBEC - UNIVERSITÉ LAVAL,INSTITUT UNIVERSITAIRE DE CARDIOLOGIE ET DE PNEUMOLOGIE DE QUÉBEC,51232130,20,15,0,0,29,13,12.25,3.81,12:15,3:48,19:00:00,2026-09-22T19:45,2026-09-23T00:23:21Z
06,Montréal,SANTÉ QUÉBEC EST-DE-L'ÎLE-DE-MONTRÉAL - UNIVERSITAIRE,INSTITUT UNIVERSITAIRE EN SANTÉ MENTALE DE MONTRÉAL,51235307,12,5,3,1,11,4,32.75,2.51,32:45,2:30,19:00:00,2026-09-22T19:45,2026-09-23T00:23:21Z
06,Montréal,SANTÉ QUÉBEC - CENTRE UNIVERSITAIRE DE SANTÉ MCGILL,L'HÔPITAL DE MONTRÉAL POUR ENFANTS,51223279,12,24,2,0,91,47,8.62,6.41,8:37,6:24,19:00:00,2026-09-22T19:45,2026-09-23T00:23:21Z
03,Capitale-Nationale,SANTÉ QUÉBEC - CENTRE HOSPITALIER UNIVERSITAIRE DE QUÉBEC - UNIVERSITÉ LAVAL,L'HÔTEL-DIEU DE QUÉBEC,51217586,15,15,2,0,29,14,11.74,4.24,11:44,4:14,19:00:00,2026-09-22T19:45,2026-09-23T00:23:21Z
04,Mauricie et Centre-du-Québec,SANTÉ QUÉBEC MAURICIE-ET-CENTRE-DU-QUÉBEC - UNIVERSITAIRE,PAVILLON SAINTE-MARIE,51220168,pas d'information disponible,pas d'information disponible,pas d'information disponible,pas d'information disponible,pas d'information disponible,pas d'information disponible,pas d'information disponible,pas d'information disponible,,,19:00:00,2026-09-22T19:45,2026-09-23T00:23:21Z
16,Montérégie,Total régional,Total régional,,239,297,111,41,610,264,20.227201946472,5.43947437582128,20:13,5:26,19:00:00,2026-09-22T19:45,2026-09-23T00:23:21Z
